,Sno,Zone,State,City,Name,Type,Establishment Year,time needed to visit in hrs,Google review rating,Entrance Fee in INR,Airport with 50km Radius,Weekly Off,Significance,DSLR Allowed,Number of google review in lakhs,Best Time to visit,State Description,longitude,latitude,loc_clusters,img
0,0,Northern,Delhi,Delhi,India Gate,War Memorial,1921,0.5,4.6,0,Yes,,Historical,Yes,2.6,Evening,The capital city with a mix of ancient and modern attractions.,77.1716954,28.6273928,3,static/img/delhi.jpg
1,1,Northern,Delhi,Delhi,Humayun's Tomb,Tomb,1572,2,4.5,30,Yes,,Historical,Yes,0.4,Afternoon,The capital city with a mix of ancient and modern attractions.,77.1716954,28.6273928,3,static/img/delhi.jpg
2,2,Northern,Delhi,Delhi,Akshardham Temple,Temple,2005,5,4.6,60,Yes,,Religious,No,0.4,Afternoon,The capital city with a mix of ancient and modern attractions.,77.1716954,28.6273928,3,static/img/delhi.jpg
3,3,Northern,Delhi,Delhi,Waste to Wonder Park,Theme Park,2019,2,4.1,50,Yes,Monday,Environmental,Yes,0.27,Evening,The capital city with a mix of ancient and modern attractions.,77.1716954,28.6273928,3,static/img/delhi.jpg
4,4,Northern,Delhi,Delhi,Jantar Mantar,Observatory,1724,2,4.2,15,Yes,,Scientific,Yes,0.31,Morning,The capital city with a mix of ancient and modern attractions.,77.1716954,28.6273928,3,static/img/delhi.jpg
5,5,Northern,Delhi,Delhi,Chandni Chowk,Market,1700,3,4.2,0,Yes,Sunday,Market,Yes,0.25,Afternoon,The capital city with a mix of ancient and modern attractions.,77.1716954,28.6273928,3,static/img/delhi.jpg
6,6,Northern,Delhi,Delhi,Lotus Temple,Temple,1986,1,4.5,0,Yes,Monday,Religious,Yes,0.59,Evening,The capital city with a mix of ancient and modern attractions.,77.1716954,28.6273928,3,static/img/delhi.jpg
7,7,Northern,Delhi,Delhi,Red Fort,Fort,1648,2,4.5,35,Yes,,Historical,Yes,1.5,Afternoon,The capital city with a mix of ancient and modern attractions.,77.1716954,28.6273928,3,static/img/delhi.jpg
8,8,Northern,Delhi,Delhi,Agrasen ki Baoli,Stepwell,1400,1,4.2,0,Yes,,Historical,Yes,0.41,Afternoon,The capital city with a mix of ancient and modern attractions.,77.1716954,28.6273928,3,static/img/delhi.jpg
9,9,Northern,Delhi,Delhi,Sunder Nursery,Park,1600,2,4.6,0,Yes,,Botanical,Yes,0.16,Afternoon,The capital city with a mix of ancient and modern attractions.,77.1716954,28.6273928,3,static/img/delhi.jpg
10,10,Northern,Delhi,Delhi,Garden of Five Senses,Park,2003,2,4.1,35,Yes,,Botanical,Yes,0.23,Morning,The capital city with a mix of ancient and modern attractions.,77.1716954,28.6273928,3,static/img/delhi.jpg
11,11,Northern,Delhi,Delhi,Lodhi Garden,Park,1500,1,4.5,0,Yes,,Botanical,Yes,0.48,All,The capital city with a mix of ancient and modern attractions.,77.1716954,28.6273928,3,static/img/delhi.jpg
12,12,Northern,Delhi,Delhi,National Gallery of Modern Art,Museum,1954,3,4.5,20,Yes,Monday,Artistic,Yes,0.08,All,The capital city with a mix of ancient and modern attractions.,77.1716954,28.6273928,3,static/img/delhi.jpg
13,13,Northern,Delhi,Delhi,National Zoological Park ,Zoo,1959,3,4.1,80,Yes,Friday,Environmental,Yes,0.41,All,The capital city with a mix of ancient and modern attractions.,77.1716954,28.6273928,3,static/img/delhi.jpg
14,14,Northern,Delhi,Delhi,Qutub Minar,Monument,1192,1,4.5,35,Yes,,Historical,Yes,1.37,Afternoon,The capital city with a mix of ancient and modern attractions.,77.1716954,28.6273928,3,static/img/delhi.jpg
15,15,Northern,Delhi,Delhi,National Science Centre,Science,1992,5,4.4,70,Yes,,Scientific,Yes,0.23,All,The capital city with a mix of ancient and modern attractions.,77.1716954,28.6273928,3,static/img/delhi.jpg
16,16,Western,Maharashtra,Mumbai,Marine Drive,Promenade,Unknown,2,4.5,0,Yes,,Scenic,Yes,1.5,Evening,"Home to Mumbai, the financial capital, and historical sites.",72.88662754,19.08157715,12,static/img/mumbai.jpg
17,17,Western,Maharashtra,Mumbai,Gateway of India,Monument,1924,1,4.6,0,Yes,,Historical,Yes,3.6,All,"Home to Mumbai, the financial capital, and historical sites.",72.88662754,19.08157715,12,static/img/mumbai.jpg
18,18,Western,Maharashtra,Mumbai,Chhatrapati Shivaji Maharaj Vastu Sangrahalaya,Museum,1922,1,4.6,500,Yes,,Historical,Yes,0.34,All,"Home to Mumbai, the financial capital, and historical sites.",72.88662754,19.08157715,12,static/img/mumbai.jpg
19,19,Western,Maharashtra,Mumbai,Sanjay Gandhi National Park,National Park,1996,3,4.3,50,Yes,Monday,Wildlife,Yes,0.6,All,"Home to Mumbai, the financial capital, and historical sites.",72.88662754,19.08157715,12,static/img/mumbai.jpg
20,20,Western,Maharashtra,Mumbai,Siddhivinayak Temple,Temple,1881,2,4.8,0,Yes,,Religious,No,1.05,All,"Home to Mumbai, the financial capital, and historical sites.",72.88662754,19.08157715,12,static/img/mumbai.jpg
21,21,Western,Maharashtra,Mumbai,Mahalaxmi Temple,Temple,1831,1,4.7,0,Yes,,Religious,No,0.33,All,"Home to Mumbai, the financial capital, and historical sites.",72.88662754,19.08157715,12,static/img/mumbai.jpg
22,22,Western,Maharashtra,Mumbai,Haji Ali Dargah,Religious Shrine,1431,2,4.4,0,Yes,,Religious,No,0.16,All,"Home to Mumbai, the financial capital, and historical sites.",72.88662754,19.08157715,12,static/img/mumbai.jpg
23,23,Western,Maharashtra,Mumbai,Chowpatty Beach,Beach,Unknown,2,4.3,0,Yes,,Recreational,Yes,0.05,Evening,"Home to Mumbai, the financial capital, and historical sites.",72.88662754,19.08157715,12,static/img/mumbai.jpg
24,24,Western,Maharashtra,Mumbai,Essel World,Amusement Park,1986,5,4.3,1149,Yes,,Recreational,Yes,0.27,All,"Home to Mumbai, the financial capital, and historical sites.",72.88662754,19.08157715,12,static/img/mumbai.jpg
25,25,Western,Maharashtra,Mumbai,Elephanta Caves,Monument,1987,4,4.3,550,Yes,,Historical,Yes,0.35,All ,"Home to Mumbai, the financial capital, and historical sites.",72.88662754,19.08157715,12,static/img/mumbai.jpg
26,26,Western,Maharashtra,Lonavala,Imagicaa,Amusement Park,2013,5,1.4,1149,No,Monday,Recreational,Yes,0.95,All,"Home to Mumbai, the financial capital, and historical sites.",73.4016729,18.7548563,12,static/img/mumbai.jpg
27,27,Southern,Karnataka,Bangalore,Bangalore Palace,Palace,1878,2,4.2,500,Yes,Monday,Historical,Yes,0.9,Morning,"Known for its IT hub Bengaluru, heritage sites, and coffee plantations.",77.62260004,12.98815675,18,
28,28,Southern,Karnataka,Bangalore,Lalbagh Botanical Garden,Botanical Garden,1760,1.5,4.4,20,Yes,,Nature,Yes,1.5,Evening,"Known for its IT hub Bengaluru, heritage sites, and coffee plantations.",77.62260004,12.98815675,18,
29,29,Southern,Karnataka,Bangalore,Cubbon Park,Park,1870,1,4.4,0,Yes,,Nature,Yes,1.32,Morning,"Known for its IT hub Bengaluru, heritage sites, and coffee plantations.",77.62260004,12.98815675,18,
30,30,Southern,Karnataka,Bangalore,Vidhana Soudha,Government Building,1956,0.5,4.6,0,Yes,,Architectural,No,0.8,Morning,"Known for its IT hub Bengaluru, heritage sites, and coffee plantations.",77.62260004,12.98815675,18,
31,31,Southern,Karnataka,Bangalore,ISKCON Temple Bangalore,Temple,1997,1,4.6,0,Yes,,Religious,Yes,1.14,Evening,"Known for its IT hub Bengaluru, heritage sites, and coffee plantations.",77.62260004,12.98815675,18,
32,32,Southern,Telangana,Hyderabad,Charminar,Landmark,1591,1,4.5,25,Yes,Friday,Historical,Yes,2.1,Morning,Home to historic Hyderabad and the Charminar.,78.4740613,17.360589,0,
33,33,Southern,Telangana,Hyderabad,Golconda Fort,Fort,1600,2,4.4,30,Yes,,Historical,Yes,1.2,Morning,Home to historic Hyderabad and the Charminar.,78.4740613,17.360589,0,
34,34,Southern,Telangana,Hyderabad,Hussain Sagar Lake,Lake,1563,1,4.3,0,Yes,,Scenic,Yes,0.5,Evening,Home to historic Hyderabad and the Charminar.,78.4740613,17.360589,0,
35,35,Southern,Telangana,Hyderabad,Ramoji Film City,Film Studio,1996,4,4.4,1150,Yes,,Entertainment,Yes,0.45,All,Home to historic Hyderabad and the Charminar.,78.4740613,17.360589,0,
36,36,Southern,Telangana,Hyderabad,Salar Jung Museum,Museum,1951,2,4.4,20,Yes,,Historical,Yes,0.67,All,Home to historic Hyderabad and the Charminar.,78.4740613,17.360589,0,
37,37,Southern,Telangana,Hyderabad,Qutb Shahi Tombs,Tombs,1600,1,4.4,25,Yes,,Historical,Yes,0.2,Morning,Home to historic Hyderabad and the Charminar.,78.4740613,17.360589,0,
38,38,Southern,Telangana,Hyderabad,Birla Mandir,Temple,1976,1,4.7,0,Yes,,Religious,No,0.41,All,Home to historic Hyderabad and the Charminar.,78.4740613,17.360589,0,
39,39,Southern,Telangana,Hyderabad,Chowmahalla Palace,Palace,1800,1.5,4.4,80,Yes,,Historical,Yes,0.45,Morning,Home to historic Hyderabad and the Charminar.,78.4740613,17.360589,0,
40,40,Southern,Telangana,Hyderabad,Nehru Zoological Park,Zoo,1963,3,4.2,50,Yes,,Wildlife,Yes,0.86,Morning,Home to historic Hyderabad and the Charminar.,78.4740613,17.360589,0,
41,41,Southern,Telangana,Hyderabad,Lumbini Park,Park,1994,1,4.1,20,Yes,,Recreational,Yes,0.73,Evening,Home to historic Hyderabad and the Charminar.,78.4740613,17.360589,0,
42,42,Eastern,West Bengal,Kolkata,Victoria Memorial,Museum,1921,1.5,4.6,30,Yes,Monday,Historical,Yes,0.73,Morning,"Famous for Kolkata, the Sundarbans, and cultural festivals.",88.3638953,22.5726459,15,
43,43,Eastern,West Bengal,Kolkata,Howrah Bridge,Bridge,1943,0.5,4.6,0,Yes,,Architectural,No,1.2,Anytime,"Famous for Kolkata, the Sundarbans, and cultural festivals.",88.3638953,22.5726459,15,
44,44,Eastern,West Bengal,Kolkata,Indian Museum,Museum,1814,2,4.6,50,Yes,Monday,Historical,Yes,0.18,Morning,"Famous for Kolkata, the Sundarbans, and cultural festivals.",88.3638953,22.5726459,15,
45,45,Eastern,West Bengal,Kolkata,Dakshineswar Kali Temple,Temple,1855,1,4.7,0,Yes,,Religious,Yes,0.82,Morning,"Famous for Kolkata, the Sundarbans, and cultural festivals.",88.3638953,22.5726459,15,
46,46,Eastern,West Bengal,Kolkata,Kalighat Kali Temple,Temple,1809,1,4.4,0,Yes,,Religious,Yes,0.5,Morning,"Famous for Kolkata, the Sundarbans, and cultural festivals.",88.3638953,22.5726459,15,
47,47,Eastern,West Bengal,Kolkata,Eden Gardens,Cricket Ground,1864,3,4.1,2500,Yes,,Sports,Yes,0.1,All,"Famous for Kolkata, the Sundarbans, and cultural festivals.",88.3638953,22.5726459,15,
48,48,Eastern,West Bengal,Kolkata,Alipore Zoological Gardens,Zoo,1876,2,4.3,25,Yes,,Wildlife,Yes,0.66,Afternoon,"Famous for Kolkata, the Sundarbans, and cultural festivals.",88.3638953,22.5726459,15,
49,49,Eastern,West Bengal,Kolkata,Science City Kolkata,Science,1997,3,4.4,60,Yes,,Educational,Yes,0.88,All,"Famous for Kolkata, the Sundarbans, and cultural festivals.",88.3638953,22.5726459,15,
50,50,Eastern,West Bengal,Kolkata,Belur Math,Site,1898,1.5,4.7,0,Yes,,Religious,Yes,0.47,Morning,"Famous for Kolkata, the Sundarbans, and cultural festivals.",88.3638953,22.5726459,15,
51,51,Eastern,West Bengal,Kolkata,Marble Palace,Palace,1835,1,4.4,0,Yes,,Historical,Yes,0.1,Afternoon,"Famous for Kolkata, the Sundarbans, and cultural festivals.",88.3638953,22.5726459,15,
52,52,Southern,Goa,Goa,Calangute Beach,Beach,Unknown,2,4.4,0,Yes,,Scenic,Yes,0.26,Evening,"Renowned for its beaches, Portuguese architecture, and nightlife.",74.0855134,15.3004543,8,
53,53,Southern,Goa,Goa,Basilica of Bom Jesus,Church,1605,1,4.5,0,Yes,,Historical,Yes,0.59,Afternoon,"Renowned for its beaches, Portuguese architecture, and nightlife.",74.0855134,15.3004543,8,
54,54,Southern,Goa,Goa,Fort Aguada,Fort,1612,1.5,4.2,0,Yes,,Historical,Yes,0.95,Morning,"Renowned for its beaches, Portuguese architecture, and nightlife.",74.0855134,15.3004543,8,
55,55,Southern,Goa,Goa,Dudhsagar Falls,Waterfall,Unknown,3,4.6,500,Yes,,Nature,Yes,0.3,Afternoon,"Renowned for its beaches, Portuguese architecture, and nightlife.",74.0855134,15.3004543,8,
56,56,Southern,Goa,Goa,Anjuna Beach,Beach,Unknown,2,4.4,0,Yes,,Scenic,Yes,0.18,Evening,"Renowned for its beaches, Portuguese architecture, and nightlife.",74.0855134,15.3004543,8,
57,57,Southern,Goa,Goa,Chapora Fort,Fort,1617,1,4.2,0,Yes,,Historical,Yes,0.19,Evening,"Renowned for its beaches, Portuguese architecture, and nightlife.",74.0855134,15.3004543,8,
58,58,Southern,Goa,Goa,Se Cathedral,Church,1640,1,4.5,0,Yes,,Historical,Yes,0.05,Afternoon,"Renowned for its beaches, Portuguese architecture, and nightlife.",74.0855134,15.3004543,8,
59,59,Southern,Goa,Goa,Baga Beach,Beach,Unknown,2,4.5,0,Yes,,Scenic,Yes,0.35,Evening,"Renowned for its beaches, Portuguese architecture, and nightlife.",74.0855134,15.3004543,8,
60,60,Southern,Goa,Goa,Arambol Beach,Beach,Unknown,2,4.6,0,Yes,,Scenic,Yes,0.1,Evening,"Renowned for its beaches, Portuguese architecture, and nightlife.",74.0855134,15.3004543,8,
61,61,Southern,Goa,Goa,Palolem Beach,Beach,Unknown,2,4.6,0,Yes,,Scenic,Yes,0.27,Evening,"Renowned for its beaches, Portuguese architecture, and nightlife.",74.0855134,15.3004543,8,
62,62,Southern,Goa,Goa,Colva Beach,Beach,Unknown,2,4.3,0,Yes,,Scenic,Yes,0.1,Evening,"Renowned for its beaches, Portuguese architecture, and nightlife.",74.0855134,15.3004543,8,
63,63,Southern,Goa,Goa,Miramar Beach,Beach,Unknown,1.5,4.2,0,Yes,,Scenic,Yes,0.3,Evening,"Renowned for its beaches, Portuguese architecture, and nightlife.",74.0855134,15.3004543,8,
64,64,Southern,Goa,Goa,Aguada Beach,Beach,Unknown,2,4.5,0,Yes,,Scenic,Yes,0.01,Evening,"Renowned for its beaches, Portuguese architecture, and nightlife.",74.0855134,15.3004543,8,
65,65,Southern,Goa,Goa,Dr. Salim Ali Bird Santuary,Bird Sanctuary,1988,2,3.9,10,Yes,,Wildlife,Yes,0.03,Afternoon,"Renowned for its beaches, Portuguese architecture, and nightlife.",74.0855134,15.3004543,8,
66,66,Western,Gujarat,Ahmedabad,Sabarmati Ashram,Historical,1915,1.5,4.6,0,Yes,,Historical,Yes,0.35,Morning,"Home to the Gir National Park, temples, and the Rann of Kutch.",72.5800568,23.0215374,4,
67,67,Western,Gujarat,Dwarka,Dwarkadhish Temple,Temple,-400,2,4.7,0,No,,Religious,No,0.59,Evening,"Home to the Gir National Park, temples, and the Rann of Kutch.",68.9742446,22.2471009,15,
68,68,Western,Gujarat,Junagadh,Gir National Park,National Park,1965,3,4.5,3500,No,,Wildlife,Yes,0.08,Morning,"Home to the Gir National Park, temples, and the Rann of Kutch.",70.4642754,21.5174104,21,
69,69,Western,Gujarat,Bhuj,White Desert,Site,1950,2.5,4.6,0,Yes,,Nature,Yes,0.12,Evening,"Home to the Gir National Park, temples, and the Rann of Kutch.",69.668339,23.2472446,4,
70,70,Western,Gujarat,Vadodara,Laxmi Vilas Palace,Palace,1890,2,4.4,200,Yes,Monday,Historical,Yes,0.17,Afternoon,"Home to the Gir National Park, temples, and the Rann of Kutch.",73.1942567,22.2973142,15,
71,71,Western,Gujarat,Somnath,Somnath Temple,Temple,1951,2,4.8,0,No,,Religious,No,0.39,Morning,"Home to the Gir National Park, temples, and the Rann of Kutch.",70.4025266,20.8907001,7,
72,72,Western,Gujarat,Rann of Kutch,Rann Utsav,Cultural,Unknown,3,4.9,7500,Yes,,Cultural,Yes,0.1,Evening,"Home to the Gir National Park, temples, and the Rann of Kutch.",70.49661369,23.79055185,24,
73,73,Western,Gujarat,Kevadia,Statue of Unity,Monument,2018,3,4.6,350,No,Monday,Historical,Yes,0.67,All,"Home to the Gir National Park, temples, and the Rann of Kutch.",73.1472445,21.2947722,21,
74,74,Western,Gujarat,Gandhinagar,Dandi Kutir,Museum,2013,1.5,4.5,0,No,,Historical,Yes,0.05,All,"Home to the Gir National Park, temples, and the Rann of Kutch.",72.6492267,23.2232877,4,
75,75,Western,Gujarat,Ahmedabad,Sabarmati Riverfront,Urban Development Project,2012,1,4.6,0,Yes,,Recreational,Yes,0.1,Evening,"Home to the Gir National Park, temples, and the Rann of Kutch.",72.5800568,23.0215374,4,
76,76,Western,Gujarat,Ahmedabad,Manek Chowk,Market,Unknown,2,4.4,0,Yes,,Food,Yes,0.49,Night,"Home to the Gir National Park, temples, and the Rann of Kutch.",72.5800568,23.0215374,4,
77,77,Western,Gujarat,Ahmedabad,Kankaria Lake,Lake,1451,3,4.5,10,Yes,,Recreational,Yes,0.3,Afternoon,"Home to the Gir National Park, temples, and the Rann of Kutch.",72.5800568,23.0215374,4,
78,78,Western,Gujarat,Ahmedabad,Science City,Science,2002,7,4.4,500,Yes,Monday,Educational,Yes,0.11,All,"Home to the Gir National Park, temples, and the Rann of Kutch.",72.5800568,23.0215374,4,
79,79,Northern,Rajasthan,Jaipur,Hawa Mahal,Palace,1799,1,4.4,50,Yes,,Architectural,Yes,1.3,Morning,"Desert state famous for its palaces, forts, and rich culture.",75.8189817,26.9154576,1,
80,80,Northern,Rajasthan,Udaipur,City Palace,Palace,1559,2,4.4,300,Yes,,Historical,Yes,0.51,All,"Desert state famous for its palaces, forts, and rich culture.",73.6862571,24.578721,11,
81,81,Northern,Rajasthan,Jaisalmer,Jaisalmer Fort,Fort,1156,2.5,4.4,50,No,,Historical,Yes,0.56,All,"Desert state famous for its palaces, forts, and rich culture.",70.77751198,27.0264162,1,
82,82,Northern,Rajasthan,Sawai Madhopur,Ranthambore National Park,Wildlife Sanctuary,1980,3,4.6,500,No,,Wildlife,Yes,0.09,All,"Desert state famous for its palaces, forts, and rich culture.",76.42406373,26.1137182,17,
83,83,Northern,Rajasthan,Pushkar,Pushkar Lake,Temple,1400,1.5,4.4,0,No,,Religious,Yes,1.6,All,"Desert state famous for its palaces, forts, and rich culture.",74.5578484,26.4876472,17,
84,84,Northern,Rajasthan,Ajmer,Ajmer Sharif Dargah,Shrine,1236,1,4.6,0,Yes,,Religious,No,0.35,All,"Desert state famous for its palaces, forts, and rich culture.",74.639,26.4691,17,
85,85,Northern,Rajasthan,Jodhpur,Mehrangarh Fort,Fort,1459,2,4.6,100,Yes,,Historical,Yes,0.64,All,"Desert state famous for its palaces, forts, and rich culture.",73.0351433,26.2967719,17,
86,86,Northern,Rajasthan,Chittorgarh,Chittorgarh Fort,Fort,700,2,4.6,40,No,,Historical,Yes,1.9,All,"Desert state famous for its palaces, forts, and rich culture.",74.47181294,24.7171578,11,
87,87,Northern,Rajasthan,Mount Abu,Dilwara Temples,Temple,1100,1,4.6,0,No,,Religious,No,0.05,All,"Desert state famous for its palaces, forts, and rich culture.",72.7081876,24.592433,11,
88,88,Northern,Rajasthan,Bikaner,Junagarh Fort,Fort,1589,2,4.5,50,Yes,,Historical,Yes,0.32,All,"Desert state famous for its palaces, forts, and rich culture.",73.3171367,28.0159286,3,
89,89,Northern,Rajasthan,Jaipur,Amber Fort,Fort,1592,2,4.6,100,Yes,,Historical,Yes,1.5,All,"Desert state famous for its palaces, forts, and rich culture.",75.8189817,26.9154576,1,
90,90,Northern,Rajasthan,Jaipur,Jaigarh Fort,Fort,1726,1.5,4.5,35,Yes,,Historical,Yes,0.3,All,"Desert state famous for its palaces, forts, and rich culture.",75.8189817,26.9154576,1,
91,91,Northern,Rajasthan,Udaipur,Lake Pichola,Lake,1362,1,4.6,0,Yes,,Nature,Yes,0.5,All,"Desert state famous for its palaces, forts, and rich culture.",73.6862571,24.578721,11,
92,92,Northern,Punjab,Amritsar,Golden Temple (Harmandir Sahib),Religious Site,1604,1.5,4.9,0,Yes,,Spiritual,Yes,1.9,All,"Land of five rivers, known for its cuisine and festivals.",74.8736788,31.6343083,23,
93,93,Northern,Punjab,Amritsar,Jallianwala Bagh,Memorial,1951,1,4.8,0,Yes,,Historical,Yes,0.3,Afternoon,"Land of five rivers, known for its cuisine and festivals.",74.8736788,31.6343083,23,
94,94,Northern,Punjab,Amritsar,Wagah Border,Border Crossing,1950,2,4.8,0,Yes,,Cultural,Yes,0.17,Evening,"Land of five rivers, known for its cuisine and festivals.",74.8736788,31.6343083,23,
95,95,Northern,Punjab,Chandigarh,Rock Garden,Sculpture Garden,1976,2,4.5,30,Yes,,Artistic,Yes,0.5,All,"Land of five rivers, known for its cuisine and festivals.",76.7797143,30.7334421,9,
96,96,Southern,Kerala,Alappuzha,Alappuzha Beach,Beach,Unknown,1.5,4.5,0,Yes,,Recreational,Yes,0.11,All,"Famous for its backwaters, beaches, and Ayurvedic treatments.",76.41241429,9.5006651,5,
97,97,Southern,Kerala,Munnar,Munnar Tea Gardens,Scenic Area,Unknown,2,4.3,0,No,,Nature,Yes,0.3,All,"Famous for its backwaters, beaches, and Ayurvedic treatments.",77.0600915,10.0869959,5,
98,98,Southern,Kerala,Kochi,Fort Kochi,Site,1503,1,4.4,0,Yes,,Historical,Yes,0.1,All,"Famous for its backwaters, beaches, and Ayurvedic treatments.",76.2454436,9.9674277,5,
99,99,Southern,Kerala,Thiruvananthapuram,Padmanabhaswamy Temple,Temple,Unknown,1,4.7,0,Yes,,Religious,No,0.46,All,"Famous for its backwaters, beaches, and Ayurvedic treatments.",76.947551,8.4882267,13,
100,100,Southern,Kerala,Kozhikode,Kozhikode Beach,Beach,Unknown,1.5,3.9,0,Yes,,Recreational,Yes,0.059,All,"Famous for its backwaters, beaches, and Ayurvedic treatments.",75.7754716,11.2450558,14,
101,101,Southern,Kerala,Wayanad,Wayanad Wildlife Sanctuary,Wildlife Sanctuary,Unknown,3,4.5,300,No,,Wildlife,Yes,2.2,All,"Famous for its backwaters, beaches, and Ayurvedic treatments.",76.12711851,11.71512915,2,
102,102,Southern,Kerala,Thekkady,Periyar National Park,National Park,1982,3,4.3,50,No,,Wildlife,Yes,0.14,All,"Famous for its backwaters, beaches, and Ayurvedic treatments.",77.181142,9.5804995,5,
103,103,Southern,Kerala,Kumarakom,Kumarakom Bird Sanctuary,Bird Sanctuary,1972,2,3.8,50,Yes,,Wildlife,Yes,0.1,All,"Famous for its backwaters, beaches, and Ayurvedic treatments.",76.4302599,9.5949953,5,
104,104,Southern,Kerala,Varkala,Varkala Beach,Beach,Unknown,2,4.6,0,Yes,,Recreational,Yes,0.1,All,"Famous for its backwaters, beaches, and Ayurvedic treatments.",76.7257086,8.7342288,13,
105,105,Southern,Kerala,Bekal,Bekal Fort,Fort,1650,1.5,4.5,20,No,,Historical,Yes,0.22,All,"Famous for its backwaters, beaches, and Ayurvedic treatments.",75.0371916,12.395725,2,
106,106,Southern,Kerala,Kovalam,Kovalam Beach,Beach,Unknown,2,4.4,0,Yes,,Recreational,Yes,0.68,All,"Famous for its backwaters, beaches, and Ayurvedic treatments.",76.9785152,8.3902593,13,
107,107,Southern,Kerala,Kannur,St. Angelo Fort,Fort,1505,1,4.4,20,Yes,,Historical,Yes,0.11,All,"Famous for its backwaters, beaches, and Ayurvedic treatments.",75.3737973,11.8763836,2,
108,108,Southern,Kerala,Nelliyampathy,Seethargundu Viewpoint,Viewpoint,Unknown,1,4.5,0,No,,Nature,Yes,0.03,Morning,"Famous for its backwaters, beaches, and Ayurvedic treatments.",76.6932494,10.5349244,14,
109,109,Southern,Kerala,Kochi,Kerala Folklore Museum,Cultural,2009,1.5,4.4,100,Yes,Monday,Cultural,Yes,0.1,All,"Famous for its backwaters, beaches, and Ayurvedic treatments.",76.2454436,9.9674277,5,
110,110,Southern,Kerala,Kochi,Wonderla Amusement Park,Amusement Park,2016,5.5,4.6,750,Yes,,Entertainment,Yes,0.41,All,"Famous for its backwaters, beaches, and Ayurvedic treatments.",76.2454436,9.9674277,5,
111,111,Southern,Karnataka,Mysore,Mysore Palace,Palace,1912,2,4.6,50,Yes,,Historical,Yes,2.5,All,"Known for its IT hub Bengaluru, heritage sites, and coffee plantations.",76.6553609,12.3051828,2,
112,112,Southern,Karnataka,Hampi,Hampi Archaeological Ruins,Site,Unknown,3,4.7,0,No,,Historical,Yes,0.05,All,"Known for its IT hub Bengaluru, heritage sites, and coffee plantations.",76.4610201,15.3358,8,
113,113,Southern,Karnataka,Coorg,Abbey Falls,Waterfall,Unknown,1,4.1,0,No,,Nature,Yes,0.03,Morning,"Known for its IT hub Bengaluru, heritage sites, and coffee plantations.",77.6151183,12.9363343,18,
114,114,Southern,Karnataka,Gokarna,Om Beach,Beach,Unknown,2,4.5,0,No,,Nature,Yes,0.09,All,"Known for its IT hub Bengaluru, heritage sites, and coffee plantations.",74.3184418,14.5439629,19,
115,115,Southern,Karnataka,Chikmagalur,Mullayanagiri,Mountain Peak,Unknown,3,4.5,0,No,,Nature,Yes,0.05,All,"Known for its IT hub Bengaluru, heritage sites, and coffee plantations.",75.7738743,13.318014,18,
116,116,Southern,Karnataka,Badami,Badami Cave Temples,Cave,600,1.5,4.6,30,No,,Religious,No,0.2,All,"Known for its IT hub Bengaluru, heritage sites, and coffee plantations.",75.6807865,15.9203874,8,
117,117,Southern,Karnataka,Shivamogga,Jog Falls,Waterfall,1900,1.5,4.6,30,No,,Nature,Yes,0.23,Morning,"Known for its IT hub Bengaluru, heritage sites, and coffee plantations.",75.23805528,14.05565025,19,
118,118,Southern,Karnataka,Mangalore,Panambur Beach,Beach,Unknown,1.5,4.5,0,Yes,,Recreational,Yes,0.1,All,"Known for its IT hub Bengaluru, heritage sites, and coffee plantations.",74.8430082,12.8698101,18,
119,119,Southern,Karnataka,Murudeshwar,Murudeshwar Temple,Temple,Unknown,1,4.7,0,Yes,,Religious,No,0.49,All,"Known for its IT hub Bengaluru, heritage sites, and coffee plantations.",75.11971136,15.3410864,8,
120,120,Southern,Karnataka,Bijapur,Gol Gumbaz,Mausoleum,1656,1.5,4.5,20,No,,Historical,Yes,0.25,All,"Known for its IT hub Bengaluru, heritage sites, and coffee plantations.",75.7175387,16.8269911,0,
121,121,Southern,Karnataka,Bandipur,Bandipur National Park,National Park,1974,3,4.4,300,No,,Wildlife,Yes,0.15,Morning,"Known for its IT hub Bengaluru, heritage sites, and coffee plantations.",77.47741148,24.22548715,11,
122,122,Southern,Karnataka,Halebidu,Halebidu Hoysaleswara Temple,Temple,1121,1,4.7,15,No,,Religious,No,0.11,All,"Known for its IT hub Bengaluru, heritage sites, and coffee plantations.",76.4607075,12.359893,2,
123,123,Western,Maharashtra,Pune,Shaniwar Wada,Fort,1732,2,4.4,50,Yes,,Historical,Yes,1.2,All,"Home to Mumbai, the financial capital, and historical sites.",73.8545071,18.5213738,12,
124,124,Western,Maharashtra,Aurangabad,Ajanta Caves,Cave,200,3,4.6,30,Yes,Monday,Historical,Yes,0.21,Afternoon,"Home to Mumbai, the financial capital, and historical sites.",84.5,24.75,11,
125,125,Western,Maharashtra,Nashik,Sula Vineyards,Vineyard,1999,2,4.1,300,Yes,,Recreational,Yes,0.1,Afternoon,"Home to Mumbai, the financial capital, and historical sites.",73.7902364,20.0112475,22,
126,126,Western,Maharashtra,Shirdi,Sai Baba Temple,Temple,1922,1.5,4.7,0,Yes,,Religious,No,0.69,All,"Home to Mumbai, the financial capital, and historical sites.",74.4754386,19.7668121,22,
127,127,Western,Maharashtra,Alibaug,Alibaug Beach,Beach,Unknown,1.5,4.2,0,Yes,,Recreational,Yes,0.05,Evening,"Home to Mumbai, the financial capital, and historical sites.",72.8787677,18.6627281,12,
128,128,Western,Maharashtra,Ratnagiri,Ganapatipule Temple,Temple,1600,1,4.7,0,No,,Religious,No,0.1,All,"Home to Mumbai, the financial capital, and historical sites.",73.4569787,17.2826079,0,
129,129,Western,Maharashtra,Nagpur,Deekshabhoomi,Monument,2001,1,4.5,0,Yes,,Religious,Yes,0.11,Afternoon,"Home to Mumbai, the financial capital, and historical sites.",79.0820556,21.1498134,21,
130,130,Western,Maharashtra,Kolhapur,Mahalakshmi Temple,Temple,700,1,4.8,0,Yes,,Religious,No,0.9,All,"Home to Mumbai, the financial capital, and historical sites.",74.2405329,16.7028412,0,
131,131,Western,Maharashtra,Lonavala,Karla Caves,Cave,200,1.5,4.4,25,Yes,Yes,Historical,Yes,0.27,Afternoon,"Home to Mumbai, the financial capital, and historical sites.",73.4016729,18.7548563,12,
132,132,Western,Maharashtra,Tarkarli,Tarkarli Beach,Beach,Unknown,2,4.6,0,No,,Recreational,Yes,0.065,Evening,"Home to Mumbai, the financial capital, and historical sites.",73.4918404,16.006814,8,
133,133,Western,Maharashtra,Satara,Kaas Plateau,Valley,Unknown,2,4.4,300,No,,Nature,Yes,0.05,Afternoon,"Home to Mumbai, the financial capital, and historical sites.",74.29827808,17.63612885,0,
134,134,Western,Maharashtra,Matheran,Echo Point,Viewpoint,1828,1.5,4.4,0,Yes,,Nature,Yes,0.02,Morning,"Home to Mumbai, the financial capital, and historical sites.",73.2700191,18.9901544,12,
135,135,Western,Maharashtra,Ajanta,Ellora Caves,Cave,600,3,4.7,30,Yes,Tuesday,Historical,Yes,0.49,Afternoon,"Home to Mumbai, the financial capital, and historical sites.",75.7513692,20.532524,7,
136,136,Central,Madhya Pradesh,Khajuraho,Khajuraho Group of Monuments,Temples,-850,2,4.7,40,No,,Cultural,Yes,0.09,Afternoon,"Heart of India with temples, forts, and wildlife parks.",79.9259786,24.8515132,11,
137,137,Central,Madhya Pradesh,Bhopal,Sanchi Stupa,Monument,-300,1.5,4.7,30,Yes,,Historical,Yes,0.01,Afternoon,"Heart of India with temples, forts, and wildlife parks.",77.401989,23.2584857,4,
138,138,Central,Madhya Pradesh,Indore,Rajwada Palace,Palace,1747,1,4.4,10,Yes,,Historical,Yes,0.63,Afternoon,"Heart of India with temples, forts, and wildlife parks.",75.8681996,22.7203616,15,
139,139,Central,Madhya Pradesh,Gwalior,Gwalior Fort,Fort,900,2.5,4.5,75,Yes,,Historical,Yes,0.4,Morning,"Heart of India with temples, forts, and wildlife parks.",78.1573628,26.2037247,17,
140,140,Central,Madhya Pradesh,Ujjain,Mahakaleshwar Jyotirlinga,Temple,-3500,1.5,4.8,0,Yes,,Religious,No,1.2,All,"Heart of India with temples, forts, and wildlife parks.",75.7716562,23.1885131,4,
141,141,Central,Madhya Pradesh,Jabalpur,Dhuandhar Falls,Waterfall,Unknown,1,4.5,0,No,,Nature,Yes,0.01,Morning,"Heart of India with temples, forts, and wildlife parks.",79.9497702,23.1608938,4,
142,142,Central,Madhya Pradesh,Pachmarhi,Bee Falls,Waterfall,Unknown,1.5,4.6,15,No,,Nature,Yes,0.065,Morning,"Heart of India with temples, forts, and wildlife parks.",78.4360537,22.4736824,15,
143,143,Central,Madhya Pradesh,Kanha,Kanha National Park,Wildlife Sanctuary,1955,3,4.5,100,No,,Wildlife,Yes,0.1,Morning,"Heart of India with temples, forts, and wildlife parks.",77.6810002,19.8628957,22,
144,144,Central,Madhya Pradesh,Bandhavgarh,Bandhavgarh National Park,National Park,1968,3,4.5,50,No,,Wildlife,Yes,0.05,Morning,"Heart of India with temples, forts, and wildlife parks.",81.02450229,23.6444125,24,
145,145,Central,Madhya Pradesh,Orchha,Orchha Fort,Fort,1500,1.5,4.8,10,No,,Historical,Yes,0.1,Afternoon,"Heart of India with temples, forts, and wildlife parks.",78.6402465,25.3528706,16,
146,146,Central,Madhya Pradesh,Mandu,Jahaz Mahal,Site,1500,1,3.9,50,No,,Historical,Yes,0.03,Afternoon,"Heart of India with temples, forts, and wildlife parks.",85.52633246,23.7978518,24,
147,147,Central,Madhya Pradesh,Bhimbetka,Bhimbetka Rock Shelters,Prehistoric Site,1958,2,4.6,25,No,,Archaeological,Yes,0.07,Afternoon,"Heart of India with temples, forts, and wildlife parks.",77.6133286,22.9384007,4,
148,148,Central,Madhya Pradesh,Amarkantak,Narmada Udgam Temple,Temple,1200,1,4.4,0,No,,Religious,Yes,0.01,All,"Heart of India with temples, forts, and wildlife parks.",81.7588417,22.670465,15,
149,149,Central,Madhya Pradesh,Chitrakoot,Chitrakoot Falls,Waterfall,Unknown,1.5,4.4,0,No,,Nature,Yes,0.1,Morning,"Heart of India with temples, forts, and wildlife parks.",81.10459272,25.21713895,16,
150,150,Northern,Himachal Pradesh,Shimla,The Ridge,Scenic Point,Unknown,1,4.7,0,Yes,,Recreational,Yes,0.03,Morning,Famous for its hill stations like Shimla and Manali.,77.1709729,31.1041526,9,
151,151,Northern,Himachal Pradesh,Manali,Solang Valley,Valley,Unknown,2,4.1,0,No,,Adventure,Yes,0.05,Morning,Famous for its hill stations like Shimla and Manali.,77.18812183,32.26309405,10,
152,152,Northern,Himachal Pradesh,dalhousie,Dalai Lama Temple,Temple,1959,1.5,4.7,0,Yes,,Religious,No,0.15,All,Famous for its hill stations like Shimla and Manali.,75.94484089,32.54357545,10,
153,153,Northern,Himachal Pradesh,Dalhousie,Khajjiar Lake,Lake,Unknown,1.5,4.5,0,No,,Nature,Yes,0.1,Morning,Famous for its hill stations like Shimla and Manali.,75.94484089,32.54357545,10,
154,154,Northern,Himachal Pradesh,Spiti Valley,Key Monastery,Monastery,1100,1,4.8,0,No,,Religious,Yes,0.025,Morning,Famous for its hill stations like Shimla and Manali.,,,10.0462963,
155,155,Northern,Himachal Pradesh,Kullu,Great Himalayan National Park,National Park,1984,3,4.5,50,No,,Wildlife,Yes,0.2,All,Famous for its hill stations like Shimla and Manali.,77.3789964,32.00186325,10,
156,156,Northern,Himachal Pradesh,Chamba,Chamera Lake,Lake,Unknown,2,4.4,0,No,,Recreational,Yes,0.01,Morning,Famous for its hill stations like Shimla and Manali.,76.5,32.5,10,
157,157,Northern,Himachal Pradesh,Kinnaur,Sangla Valley,Valley,Unknown,2,4.5,0,No,,Nature,Yes,0.01,Morning,Famous for its hill stations like Shimla and Manali.,78.32814169,31.59301295,23,
158,158,Northern,Himachal Pradesh,Kangra,Kangra Fort,Fort,400,2,4.4,150,Yes,,Historical,Yes,0.1,All,Famous for its hill stations like Shimla and Manali.,76.29858721,32.0768665,10,
159,159,Northern,Himachal Pradesh,Palampur,Tea Gardens,Tea Plantation,1950,1.5,4.6,0,Yes,,Agricultural,Yes,0.015,Morning,Famous for its hill stations like Shimla and Manali.,76.5098927,32.0893012,10,
160,160,Northern,Himachal Pradesh,Mandi,Prashar Lake,Lake,1400,1.5,4.6,0,No,,Nature,Yes,0.01,Morning,Famous for its hill stations like Shimla and Manali.,77.00925419,31.65166165,23,
161,161,Northern,Himachal Pradesh,Bir Billing,Paragliding Site,Adventure Sport,2005,2,4.8,2500,No,,Adventure,Yes,0.01,All,Famous for its hill stations like Shimla and Manali.,76.745494,32.0616757,10,
162,162,Northern,Himachal Pradesh,McLeod Ganj,Triund Trek,Trekking,Unknown,5,4.8,0,Yes,,Adventure,Yes,0.01,Morning,Famous for its hill stations like Shimla and Manali.,76.326238,32.2352666,10,
163,163,Northern,Himachal Pradesh,Manikaran,Manikaran Sahib,Gurudwara,1980,1,4.6,0,No,,Religious,Yes,1.3,Morning,Famous for its hill stations like Shimla and Manali.,77.3464072,32.0273214,10,
164,164,Northern,Himachal Pradesh,Narkanda,Hatu Peak,Viewpoint,Unknown,2,4.5,0,Yes,,Nature,Yes,1.1,All,Famous for its hill stations like Shimla and Manali.,77.4612694,31.2547508,23,
165,165,Northern,Himachal Pradesh,Barot,Barot Valley,Valley,Unknown,2,4.7,0,No,,Nature,Yes,1.2,Morning,Famous for its hill stations like Shimla and Manali.,76.8452055,32.0377277,10,
166,166,Northern,Himachal Pradesh,Shoja,Serolsar Lake,Lake,Unknown,2.5,4.4,0,No,,Nature,Yes,0.9,Morning,Famous for its hill stations like Shimla and Manali.,77.3712415,31.5644846,23,
167,167,Northern,Himachal Pradesh,Kufri,Kufri Fun World,Ski Resort,1975,5,3.8,1500,Yes,,Recreational,Yes,0.1,All,Famous for its hill stations like Shimla and Manali.,77.027818,31.1885191,23,
168,168,Northern,Uttarakhand,Nainital,Naini Lake,Lake,Unknown,1.5,4.2,0,Yes,,Nature,Yes,0.01,Morning,The Land of Gods with its Himalayan beauty and pilgrimage sites.,79.41625113,29.29499495,3,
169,169,Northern,Uttarakhand,Rishikesh,Laxman Jhula,Suspension Bridge,1939,1,4.4,0,Yes,,Cultural,Yes,0.03,Morning,The Land of Gods with its Himalayan beauty and pilgrimage sites.,78.2916193,30.1086537,9,
170,170,Northern,Uttarakhand,Haridwar,Har Ki Pauri,Ghat,Unknown,1,4.5,0,Yes,,Religious,Yes,0.025,All,The Land of Gods with its Himalayan beauty and pilgrimage sites.,78.00871782,29.91235135,9,
171,171,Northern,Uttarakhand,Dehradun,Robber's Cave,Cave,Unknown,1.5,4.5,25,Yes,,Nature,Yes,0.01,Morning,The Land of Gods with its Himalayan beauty and pilgrimage sites.,77.86254574,30.49981565,9,
172,172,Northern,Uttarakhand,Mussoorie,Kempty Falls,Waterfall,Unknown,1.5,4.2,15,Yes,,Nature,Yes,0.55,Morning,The Land of Gods with its Himalayan beauty and pilgrimage sites.,78.0782906,30.4569012,9,
173,173,Northern,Uttarakhand,Auli,Auli Ski Resort,Ski Resort,1990,3,4.5,0,No,,Adventure,Yes,0.01,Morning,The Land of Gods with its Himalayan beauty and pilgrimage sites.,79.5657242,30.5377872,9,
174,174,Northern,Uttarakhand,Badrinath,Badrinath Temple,Temple,-820,1,4.8,0,No,,Religious,No,0.29,All,The Land of Gods with its Himalayan beauty and pilgrimage sites.,79.4930256,30.7423302,9,
175,175,Northern,Uttarakhand,Almora,Binsar Wildlife Sanctuary,Wildlife Sanctuary,1988,2,4.3,150,No,,Wildlife,Yes,0.01,All,The Land of Gods with its Himalayan beauty and pilgrimage sites.,79.43263182,29.70265095,9,
176,176,Northern,Uttarakhand,Ranikhet,Chaubatia Gardens,Orchard,1868,1,4,50,No,,Recreational,Yes,0.025,All,The Land of Gods with its Himalayan beauty and pilgrimage sites.,79.41541417,29.6323007,9,
177,177,Northern,Uttarakhand,Jim Corbett,Jim Corbett National Park,National Park,1936,3,4.4,100,Yes,,Wildlife,Yes,0.3,All,The Land of Gods with its Himalayan beauty and pilgrimage sites.,78.84249503,29.5574752,9,
178,178,Northern,Uttarakhand,Uttarkashi,Gangotri Temple,Temple,1751,1,4.8,0,No,,Religious,No,0.05,All,The Land of Gods with its Himalayan beauty and pilgrimage sites.,78.63625207,30.9635733,9,
179,179,Northern,Uttarakhand,Chopta,Tungnath Temple,Temple,751,2,4.8,0,No,,Religious,No,0.09,All,The Land of Gods with its Himalayan beauty and pilgrimage sites.,79.078238,29.9494314,9,
180,180,Northern,Uttarakhand,Joshimath,Valley of Flowers,National Park,1982,5,4.7,150,No,,Nature,Yes,0.035,Morning,The Land of Gods with its Himalayan beauty and pilgrimage sites.,79.5612607,30.5555752,9,
181,181,Central,Uttar Pradesh,Agra,Taj Mahal,Mausoleum,1632,2,4.6,50,Yes,Friday,Historical,Yes,2.25,Morning,Home to the Taj Mahal and sacred cities like Varanasi.,78.0098161,27.1752554,1,
182,182,Central,Uttar Pradesh,Varanasi,Kashi Vishwanath Temple,Temple,Unknown,1,4.7,0,Yes,,Religious,No,0.9,All,Home to the Taj Mahal and sacred cities like Varanasi.,82.94142724,25.37193385,16,
183,183,Central,Uttar Pradesh,Lucknow,Bara Imambara,Monument,1784,1.5,4.4,50,Yes,Monday,Historical,No,0.45,All,Home to the Taj Mahal and sacred cities like Varanasi.,80.9346001,26.8381,1,
184,184,Central,Uttar Pradesh,Mathura,Krishna Janmabhoomi,Temple,Unknown,1,4.7,0,Yes,,Religious,No,0.13,All,Home to the Taj Mahal and sacred cities like Varanasi.,77.583333,27.633333,20,
185,185,Central,Uttar Pradesh,Ayodhya,Ram Janmabhoomi,Religious Site,Unknown,1,4.8,0,Yes,,Religious,No,0.025,All,Home to the Taj Mahal and sacred cities like Varanasi.,82.05850341,26.6382763,17,
186,186,Central,Uttar Pradesh,Vrindavan,Banke Bihari Temple,Temple,1864,1,4.8,0,Yes,,Religious,No,0.37,All,Home to the Taj Mahal and sacred cities like Varanasi.,77.6938045,27.5753726,20,
187,187,Central,Uttar Pradesh,Allahabad,Triveni Sangam,Confluence,Unknown,1,4.5,0,Yes,,Religious,Yes,0.09,Morning,Home to the Taj Mahal and sacred cities like Varanasi.,81.90349775,25.2793187,16,
188,188,Central,Uttar Pradesh,Jhansi,Jhansi Fort,Fort,1613,1.5,4.4,15,Yes,,Historical,Yes,0.25,All,Home to the Taj Mahal and sacred cities like Varanasi.,78.65278024,25.529855,16,
189,189,Central,Uttar Pradesh,Sarnath,Dhamek Stupa,Monument,-500,1,4.6,5,Yes,,Historical,Yes,0.065,All,Home to the Taj Mahal and sacred cities like Varanasi.,83.0275999,25.3776274,16,
190,190,Central,Uttar Pradesh,Fatehpur Sikri,Buland Darwaza,Monument,1571,2,4.4,40,Yes,,Historical,Yes,0.07,Afternoon,Home to the Taj Mahal and sacred cities like Varanasi.,77.6623984,27.0911655,1,
191,191,Central,Uttar Pradesh,Noida,Okhla Bird Sanctuary,Bird Sanctuary,1990,1.5,4.3,30,Yes,,Wildlife,Yes,0.035,All,Home to the Taj Mahal and sacred cities like Varanasi.,77.3272147,28.5706333,3,
192,192,Central,Uttar Pradesh,Aligarh,Aligarh Fort,Fort,1524,1,4.1,20,Yes,,Historical,Yes,0.0165,Afternoon,Home to the Taj Mahal and sacred cities like Varanasi.,78.13581531,27.8761073,3,
193,193,Central,Uttar Pradesh,Meerut,Augarnath Temple,Temple,Unknown,1,4.8,0,Yes,,Religious,No,0.045,All,Home to the Taj Mahal and sacred cities like Varanasi.,77.76796715,29.0018557,3,
194,194,Central,Uttar Pradesh,Kanpur,Allen Forest Zoo,Zoo,1971,2,4.2,150,Yes,Monday,Wildlife,Yes,0.21,All,Home to the Taj Mahal and sacred cities like Varanasi.,80.3217588,26.4609135,17,
195,195,Northern,Jammu and Kashmir,Srinagar,Dal Lake,Lake,Unknown,2,4.6,0,Yes,,Nature,Yes,0.15,Morning,"Renowned for its beautiful valleys, lakes, and houseboats.",74.8204443,34.0747444,6,
196,196,Northern,Ladakh,Leh,Pangong Tso,Lake,Unknown,2,4.9,20,Yes,,Nature,Yes,0.15,Morning,"Known for its stunning landscapes, monasteries, and adventure tourism.",77.5848133,34.1642029,6,
197,197,Northern,Jammu and Kashmir,Pahalgam,Betaab Valley,Valley,Unknown,2,4.6,100,No,,Nature,Yes,0.11,All,"Renowned for its beautiful valleys, lakes, and houseboats.",75.3226479,34.0322048,6,
198,198,Northern,Jammu and Kashmir,Jammu,Vaishno Devi,Temple,Unknown,5,4.7,0,Yes,,Religious,No,0.55,All,"Renowned for its beautiful valleys, lakes, and houseboats.",74.8580917,32.7185614,10,
199,199,Northern,Jammu and Kashmir,Udhampur,Patnitop Height,Hill,Unknown,2,4.1,0,No,,Recreational,Yes,0.01,All,"Renowned for its beautiful valleys, lakes, and houseboats.",75.32658449,32.911964,10,
200,200,Northern,Jammu and Kashmir,Anantnag,Amarnath Cave,Temple,Unknown,6,4.5,0,No,,Religious,Yes,0.11,All,"Renowned for its beautiful valleys, lakes, and houseboats.",75.1455138,33.7368773,6,
201,201,Northern,Ladakh,Leh,Thiksey Monastery,Monastery,1430,1.5,4.7,20,Yes,,Religious,No,0.05,All,"Known for its stunning landscapes, monasteries, and adventure tourism.",77.5848133,34.1642029,6,
202,202,Northern,Ladakh,Nubra Valley,Nubra Valley,Valley,Unknown,2,4.5,0,No,,Nature,Yes,0.1,All,"Known for its stunning landscapes, monasteries, and adventure tourism.",77.8233593,33.9940885,6,
203,203,Northern,Ladakh,Kargil,Kargil War Memorial,War Memorial,24,1,4.8,0,No,,Historical,Yes,0.011,All,"Known for its stunning landscapes, monasteries, and adventure tourism.",76.47300957,33.802819,6,
204,204,Northern,Ladakh,Diskit,Diskit Monastery,Monastery,1351,1,4.7,20,No,,Religious,No,0.015,Morning,"Known for its stunning landscapes, monasteries, and adventure tourism.",77.5506547,34.5512277,6,
205,205,Northern,Jammu and Kashmir,Kishtwar,Kishtwar National Park,National Park,1981,3,4.3,100,No,,Wildlife,Yes,0.01,All,"Renowned for its beautiful valleys, lakes, and houseboats.",75.81692388,33.2761171,6,
206,206,Northern,Ladakh,Hemis,Hemis National Park,National Park,1981,4,4.4,20,No,,Wildlife,Yes,0.02,All,"Known for its stunning landscapes, monasteries, and adventure tourism.",77.6341507,33.9083119,6,
207,207,Northern,Ladakh,Dras,Dras War Memorial,War Memorial,Unknown,1,4.8,0,No,,Historical,Yes,0.012,All,"Known for its stunning landscapes, monasteries, and adventure tourism.",75.750761,34.4292702,6,
208,208,Northern,Ladakh,Leh,Magnetic Hill,Gravity Hill,Unknown,0.5,3.7,0,Yes,,Nature,Yes,0.1,All,"Known for its stunning landscapes, monasteries, and adventure tourism.",77.5848133,34.1642029,6,
209,209,Northern,Ladakh,Leh,Khardung La Pass,Hill,Unknown,1,4.5,0,Yes,,Adventure,Yes,0.05,Afternoon,"Known for its stunning landscapes, monasteries, and adventure tourism.",77.5848133,34.1642029,6,
210,210,Northern,Ladakh,Leh,Thiksey Monastery,Monastery,1430,1.5,4.7,30,Yes,,Religious,No,0.05,All,"Known for its stunning landscapes, monasteries, and adventure tourism.",77.5848133,34.1642029,6,
211,211,Central,Uttar Pradesh,Vrindavan,Prem Mandir,Temple,2012,1.5,4.8,0,Yes,,Religious,Yes,0.49,Evening,Home to the Taj Mahal and sacred cities like Varanasi.,77.6938045,27.5753726,20,
212,212,Central,Uttar Pradesh,Porbandar,Kirti Mandir,Memorial,1950,1,4.8,0,Yes,,Historical,Yes,0.03,Morning,Home to the Taj Mahal and sacred cities like Varanasi.,69.85380669,21.60297505,21,
213,213,Central,Uttar Pradesh,Mathura,Nand Gaon,Village,Unknown,1,4.1,0,Yes,,Cultural,Yes,0.01,Morning,Home to the Taj Mahal and sacred cities like Varanasi.,77.583333,27.633333,20,
214,214,Central,Uttar Pradesh,Mathura,Barsana Mandir,Temple,Unknown,1,4.8,0,Yes,,Religious,Yes,0.1,Morning,Home to the Taj Mahal and sacred cities like Varanasi.,77.583333,27.633333,20,
215,215,Eastern,West Bengal,Darjeeling,Tiger Hill,Sunrise Point,Unknown,1,4.5,0,No,,Nature,Yes,0.025,All,"Famous for Kolkata, the Sundarbans, and cultural festivals.",88.263176,27.0377554,1,
216,216,Eastern,West Bengal,Siliguri,Jaldapara National Park,Wildlife Sanctuary,1941,3,4.4,250,Yes,,Wildlife,Yes,0.035,All,"Famous for Kolkata, the Sundarbans, and cultural festivals.",88.4309916,26.7164127,1,
217,217,Eastern,West Bengal,Sundarbans,Sundarbans National Park,National Park,1984,4,4.4,60,No,,Wildlife,Yes,0.065,All,"Famous for Kolkata, the Sundarbans, and cultural festivals.",88.68731611,22.03158805,21,
218,218,Eastern,West Bengal,Digha,Digha Beach,Beach,Unknown,1.5,4.5,0,No,,Recreational,Yes,0.09,Morning,"Famous for Kolkata, the Sundarbans, and cultural festivals.",87.5082534,21.623077,21,
219,219,Eastern,West Bengal,Murshidabad,Hazarduari Palace,Palace,1837,1.5,4.5,10,Yes,Friday,Historical,Yes,0.18,Morning,"Famous for Kolkata, the Sundarbans, and cultural festivals.",88.36638821,24.2905278,11,
220,220,Eastern,West Bengal,Bolpur,Kankalitala Temple,Temple,Unknown,0.5,4.7,0,Yes,,Religious,No,0.045,All,"Famous for Kolkata, the Sundarbans, and cultural festivals.",87.6962424,23.661154,24,
221,221,Eastern,West Bengal,Hooghly,Hangseswari Temple,Temple,1814,0.5,4.6,0,Yes,,Architectural,No,0.07,All,"Famous for Kolkata, the Sundarbans, and cultural festivals.",88.01208247,22.90994025,4,
222,222,Eastern,West Bengal,Jalpaiguri,Gorumara National Park,National Park,1949,3,4.4,100,Yes,,Wildlife,Yes,0.07,All,"Famous for Kolkata, the Sundarbans, and cultural festivals.",88.73344852,26.62628045,17,
223,223,Eastern,West Bengal,Cooch Behar,Cooch Behar Palace,Palace,1887,1,4.5,20,Yes,Friday,Historical,Yes,0.09,All,"Famous for Kolkata, the Sundarbans, and cultural festivals.",89.42011428,26.2559197,17,
224,224,Eastern,West Bengal,Purulia,Ayodhya Hills,Hill,Unknown,2.5,4.5,0,No,,Nature,Yes,0.15,All,"Famous for Kolkata, the Sundarbans, and cultural festivals.",86.32289877,23.2020967,4,
225,225,Eastern,Odisha,Puri,Jagannath Temple,Temple,12th century,2,4.7,0,Yes,,Religious,No,1,All,"Known for its temples, especially the Sun Temple at Konark.",85.68532946,19.83430655,22,
226,226,Eastern,Odisha,Konark,Sun Temple,Temple,1250,1.5,4.7,40,Yes,,Historical,Yes,0.83,All,"Known for its temples, especially the Sun Temple at Konark.",86.14201945,19.90742915,22,
227,227,Eastern,Odisha,Bhubaneswar,Lingaraj Temple,Temple,11th century,1,4.6,0,Yes,,Religious,No,0.35,All,"Known for its temples, especially the Sun Temple at Konark.",85.8394521,20.2602964,7,
228,228,Eastern,Odisha,Rourkela,Khandadhar Waterfall,Waterfall,Unknown,1.5,4.5,0,No,,Nature,Yes,1.2,All,"Known for its temples, especially the Sun Temple at Konark.",84.85775201,22.2539994,15,
229,229,Eastern,Odisha,Cuttack,Barabati Fort,Fort,-987,1,4.5,0,Yes,,Historical,Yes,0.13,All,"Known for its temples, especially the Sun Temple at Konark.",85.46972564,20.3700655,7,
230,230,Eastern,Odisha,Sambalpur,Hirakud Dam,Dam,1957,1,4.5,0,No,,Engineering Marvel,Yes,0.01,All,"Known for its temples, especially the Sun Temple at Konark.",84.15285151,21.5570606,21,
231,231,Eastern,Odisha,Chilika,Chilika Lake,Lake,Unknown,2,3.9,0,Yes,,Nature,Yes,0.1,Morning,"Known for its temples, especially the Sun Temple at Konark.",85.25036969,19.6853207,22,
232,232,Eastern,Odisha,Berhampur,Tara Tarini Temple,Temple,Ancient,1,4.6,0,Yes,,Religious,No,0.01,All,"Known for its temples, especially the Sun Temple at Konark.",86.63272983,21.49308515,21,
233,233,Eastern,Odisha,Keonjhar,Badaghagara Waterfall,Waterfall,Unknown,1,4.3,0,No,,Nature,Yes,0.018,Morning,"Known for its temples, especially the Sun Temple at Konark.",85.5,21.5,21,
234,234,Eastern,Odisha,Balasore,Chandipur Beach,Beach,Unknown,1.5,4.2,0,Yes,,Recreational,Yes,0.014,Morning,"Known for its temples, especially the Sun Temple at Konark.",86.919884,21.5006421,21,
235,235,Eastern,Odisha,Kendujhar,Sanaghagara Waterfall,Waterfall,Unknown,1,4.4,0,No,,Nature,Yes,0.055,All,"Known for its temples, especially the Sun Temple at Konark.",85.66878414,21.5892323,21,
236,236,Southern,Tamil Nadu,Chennai,Marina Beach,Beach,Unknown,1.5,3.9,0,Yes,,Recreational,Yes,0.1,Morning,Famous for its Dravidian temples and cultural heritage.,80.270186,13.0836939,18,
237,237,Southern,Tamil Nadu,Madurai,Meenakshi Amman Temple,Temple,6th century AD,2,4.7,0,Yes,,Religious,No,0.65,All,Famous for its Dravidian temples and cultural heritage.,78.1140983,9.9261153,5,
238,238,Southern,Tamil Nadu,Rameswaram,Ramanathaswamy Temple,Temple,12th century,1.5,4.6,0,No,,Religious,No,0.01,All,Famous for its Dravidian temples and cultural heritage.,79.3125553,9.2844657,13,
239,239,Southern,Tamil Nadu,Kanyakumari,Vivekananda Rock Memorial,Memorial,1970,1,4.6,20,Yes,,Historical,No,0.47,Morning,Famous for its Dravidian temples and cultural heritage.,77.5499338,8.079252,13,
240,240,Southern,Tamil Nadu,Ooty,Ooty Lake,Lake,1824,1,4.1,10,Yes,,Recreational,Yes,0.61,Morning,Famous for its Dravidian temples and cultural heritage.,76.7030504,11.4126769,2,
241,241,Southern,Tamil Nadu,Coimbatore,Marudamalai Temple,Temple,12th century,1,4.7,0,Yes,,Religious,No,0.3,All,Famous for its Dravidian temples and cultural heritage.,76.9628425,11.0018115,14,
242,242,Southern,Tamil Nadu,Kodaikanal,Kodaikanal Lake,Lake,1863,2,3.9,0,No,,Recreational,Yes,0.1,Morning,Famous for its Dravidian temples and cultural heritage.,77.4919719,10.233712,5,
243,243,Southern,Tamil Nadu,Thanjavur,Brihadeeswarar Temple,Temple,110,1.5,4.8,0,Yes,,Religious,No,0.35,All,Famous for its Dravidian temples and cultural heritage.,79.20142776,10.65903695,14,
244,244,Southern,Tamil Nadu,Mahabalipuram,Shore Temple,Temple,7th century,1,4.6,40,Yes,,Historical,No,0.09,All,Famous for its Dravidian temples and cultural heritage.,80.1936497,12.6195981,18,
245,245,Southern,Tamil Nadu,Yercaud,Yercaud Lake,Lake,Unknown,1,4.2,0,No,,Recreational,Yes,0.019,Morning,Famous for its Dravidian temples and cultural heritage.,78.2075392,11.7852074,2,
246,246,Southern,Tamil Nadu,Tirunelveli,Nellaiappar Temple,Temple,7th century,1,4.6,0,Yes,,Religious,No,0.16,All,Famous for its Dravidian temples and cultural heritage.,77.8114843,8.8082342,13,
247,247,Southern,Tamil Nadu,Chidambaram,Nataraja Temple,Temple,10th century,1,4.7,0,Yes,,Religious,No,0.28,All,Famous for its Dravidian temples and cultural heritage.,79.6909383,11.3994826,2,
248,248,Southern,Andhra Pradesh,Vijayawada,Kanaka Durga Temple,Temple,Unknown,1,4.7,0,Yes,,Religious,No,0.44,All,"Known for its sacred temples, beaches, and spicy cuisine.",80.6185089,16.5087573,8,
249,249,Southern,Andhra Pradesh,Visakhapatnam,Rishikonda Beach,Beach,Unknown,1.5,4.5,0,Yes,,Recreational,Yes,0.39,Morning,"Known for its sacred temples, beaches, and spicy cuisine.",83.3012842,17.7231276,0,
250,250,Southern,Andhra Pradesh,Srisailam,Mallikarjuna Swamy Temple,Temple,14th century,1,4.7,0,No,,Religious,No,0.49,All,"Known for its sacred temples, beaches, and spicy cuisine.",78.8727065,16.0737808,8,
251,251,Southern,Andhra Pradesh,Rajahmundry,Papikondalu,Hill,Unknown,2,4.3,0,Yes,,Nature,Yes,0.032,All,"Known for its sacred temples, beaches, and spicy cuisine.",81.7804732,17.0050454,0,
252,252,Southern,Andhra Pradesh,Anantapur,Lepakshi,Site,16th century,1.5,4.6,0,No,,Historical,Yes,0.075,All,"Known for its sacred temples, beaches, and spicy cuisine.",77.43067381,14.72421995,19,
253,253,Southern,Andhra Pradesh,Kurnool,Belum Caves,Cave,Unknown,1.5,4.4,65,Yes,,Natural Wonder,Yes,0.11,Afternoon,"Known for its sacred temples, beaches, and spicy cuisine.",77.55425904,15.54788035,8,
254,254,Southern,Andhra Pradesh,Amravati,Amaravathi Temple,Temple,Unknown,1,4.7,0,Yes,,Religious,No,0.041,All,"Known for its sacred temples, beaches, and spicy cuisine.",77.64429618,21.15454115,21,
255,255,Southern,Andhra Pradesh,Guntur,Uppalapadu Bird Sanctuary,Bird Sanctuary,Unknown,1,4.4,10,Yes,,Wildlife,Yes,0.7,All,"Known for its sacred temples, beaches, and spicy cuisine.",80.4541588,16.2915189,8,
256,256,Southern,Andhra Pradesh,Kadapa,Gandikota Fort,Fort,12th century,1.5,4.5,0,No,,Historical,Yes,0.015,Morning,"Known for its sacred temples, beaches, and spicy cuisine.",78.8216861,14.4752936,19,
257,257,Southern,Andhra Pradesh,Puttaparthi,Prasanthi Nilayam,Spiritual Center,1950,1,4.7,0,Yes,,Religious,Yes,0.12,All,"Known for its sacred temples, beaches, and spicy cuisine.",77.8124982,14.1636778,19,
258,258,Southern,Andhra Pradesh,Vizianagaram,Simhachalam Temple,Temple,198,1,4.7,0,Yes,,Religious,No,0.59,All,"Known for its sacred temples, beaches, and spicy cuisine.",83.3979562,18.1139259,0,
259,259,Southern,Andhra Pradesh,Visakhapatnam,Kailasagiri,Hill,Unknown,2,4.5,0,Yes,,Recreational,Yes,0.019,All,"Known for its sacred temples, beaches, and spicy cuisine.",83.3012842,17.7231276,0,
260,260,Southern,Andhra Pradesh,Visakhapatnam,Submarine Museum,Museum,22,1,4.6,40,Yes,,Historical,Yes,0.49,All,"Known for its sacred temples, beaches, and spicy cuisine.",83.3012842,17.7231276,0,
261,261,Southern,Andhra Pradesh,Visakhapatnam,Borra Caves,Cave,Unknown,2,4.5,60,No,,Natural Wonder,Yes,0.31,Afternoon,"Known for its sacred temples, beaches, and spicy cuisine.",83.3012842,17.7231276,0,
262,262,Southern,Andhra Pradesh,Visakhapatnam,War Memorial,War Memorial,Unknown,1,4.6,0,Yes,,Historical,Yes,0.059,All,"Known for its sacred temples, beaches, and spicy cuisine.",83.3012842,17.7231276,0,
263,263,Southern,Andhra Pradesh,Visakhapatnam,Indira Gandhi Zoological Park,Zoo,1977,2,4.1,20,Yes,Monday,Wildlife,Yes,0.25,Afternoon,"Known for its sacred temples, beaches, and spicy cuisine.",83.3012842,17.7231276,0,
264,264,Southern,Andhra Pradesh,Visakhapatnam,Matsyadarshini Aquarium,Aquarium,Unknown,1,3.8,20,Yes,,Recreational,Yes,0.03,All,"Known for its sacred temples, beaches, and spicy cuisine.",83.3012842,17.7231276,0,
265,265,Southern,Andhra Pradesh,Visakhapatnam,Visakha Museum,Museum,1991,1,4.3,10,Yes,,Cultural,Yes,0.065,All,"Known for its sacred temples, beaches, and spicy cuisine.",83.3012842,17.7231276,0,
266,266,Eastern,Sikkim,Gangtok,Nathula Pass,Hill,Unknown,2,4.3,20,Yes,,Historical,Yes,0.15,Afternoon,Known for its stunning landscapes and Buddhist monasteries.,88.6122673,27.329046,20,
267,267,Eastern,Sikkim,Pelling,Pemayangtse Monastery,Monastery,1705,1,4.6,20,No,,Religious,No,0.015,Morning,Known for its stunning landscapes and Buddhist monasteries.,88.2356503,27.3003722,20,
268,268,Eastern,Sikkim,Namchi,Char Dham,Religious Complex,211,2,4.7,50,Yes,,Religious,No,0.12,All,Known for its stunning landscapes and Buddhist monasteries.,88.37859609,27.3031019,20,
269,269,Eastern,Sikkim,Gangtok,Rumtek Monastery,Monastery,1960s,1,4.6,10,Yes,,Religious,No,0.035,Morning,Known for its stunning landscapes and Buddhist monasteries.,88.6122673,27.329046,20,
270,270,Eastern,Sikkim,Ravangla,Buddha Park,Park,213,1,4.8,50,Yes,,Cultural,Yes,0.1,All,Known for its stunning landscapes and Buddhist monasteries.,88.3644723,27.3051271,20,
271,271,Eastern,Sikkim,Gangtok,Baba Harbhajan Singh Temple,Temple,1967,1,4.7,0,Yes,,Religious,No,0.075,All,Known for its stunning landscapes and Buddhist monasteries.,88.6122673,27.329046,20,
272,272,Eastern,Sikkim,Gangtok,Tsomgo Lake,Lake,Unknown,2,4.5,0,Yes,,Nature,Yes,0.15,Morning,Known for its stunning landscapes and Buddhist monasteries.,88.6122673,27.329046,20,
273,273,North Eastern,Assam,Guwahati,Kamakhya Temple,Temple,Unknown,2,4.6,0,Yes,,Religious,No,0.21,All,"Famous for its tea gardens, wildlife, and the Brahmaputra River.",91.753943,26.1805978,17,
274,274,North Eastern,Assam,Kaziranga,Kaziranga National Park,National Park,1905,3,4.5,650,No,,Wildlife,No,0.068,Morning,"Famous for its tea gardens, wildlife, and the Brahmaputra River.",93.4084741,26.5892533,17,
275,275,North Eastern,Assam,Guwahati,Umananda Island,Island,Unknown,1,4.1,0,Yes,,Nature,Yes,0.01,Morning,"Famous for its tea gardens, wildlife, and the Brahmaputra River.",91.753943,26.1805978,17,
276,276,North Eastern,Assam,Sivasagar,Sivasagar Sivadol,Temple,1734,1,4.7,0,No,,Historical,Yes,0.065,All,"Famous for its tea gardens, wildlife, and the Brahmaputra River.",94.6394226,26.9834936,1,
277,277,North Eastern,Assam,Majuli,Majuli Island,River Island,Unknown,2,4.7,0,No,,Cultural,Yes,0.01,Morning,"Famous for its tea gardens, wildlife, and the Brahmaputra River.",94.32742303,27.02195285,1,
278,278,North Eastern,Assam,Manas,Manas National Park,National Park,1990,3,4.6,500,No,,Wildlife,Yes,0.19,Morning,"Famous for its tea gardens, wildlife, and the Brahmaputra River.",73.51575428,24.32410455,11,
279,279,North Eastern,Assam,Hajo,Hayagriva Madhava Temple,Temple,Unknown,1,4.5,0,No,,Religious,Yes,0.9,All,"Famous for its tea gardens, wildlife, and the Brahmaputra River.",91.54234804,26.23597655,17,
280,280,North Eastern,Assam,Guwahati,Pobitora Wildlife Sanctuary,Wildlife Sanctuary,1987,2,4.4,500,Yes,,Wildlife,Yes,0.037,All,"Famous for its tea gardens, wildlife, and the Brahmaputra River.",91.753943,26.1805978,17,
281,281,North Eastern,Arunachal Pradesh,Tawang,Tawang Monastery,Monastery,1680,2,4.7,0,No,,Religious,No,0.032,Morning,The Land of the Rising Sun with lush valleys and monasteries.,91.863733,27.5879186,20,
282,282,North Eastern,Tripura,Agartala,Ujjayanta Palace,Palace,1901,1.5,4.5,10,Yes,Monday,Historical,Yes,0.035,All,Known for its palaces and diverse tribal culture.,91.2823821,23.8312377,24,
283,283,North Eastern,Tripura,Dumboor,Dumboor Lake,Lake,Unknown,1,4.5,0,No,,Nature,Yes,0.01,Morning,Known for its palaces and diverse tribal culture.,91.83818815,23.47363145,24,
284,284,North Eastern,Tripura,Unakoti,Unakoti Rock Carvings,Rock Carvings,700,1.5,4.5,20,No,,Historical,Yes,0.025,Morning,Known for its palaces and diverse tribal culture.,92.04604831,24.19098485,11,
285,285,Central,Chhattisgarh,Bastar,Chitrakote Falls,Waterfall,Unknown,1.5,4.6,0,No,,Nature,Yes,0.19,Morning,"Known for its dense forests, waterfalls, and tribal culture.",81.82918649,19.11912825,12,
286,286,North Eastern,Nagaland,Dzükou Valley,Dzükou Valley,Valley,Unknown,3,4.7,0,No,,Trekking,Yes,0.01,Afternoon,Famous for its tribal culture and the Hornbill Festival.,94.1215991,25.5514981,16,
287,287,Southern,Puducherry,Puducherry,Promenade Beach,Beach,Unknown,1,4.5,0,Yes,,Recreational,Yes,0.09,Morning,French colonial heritage town with beaches and spiritual retreats.,79.8069488,10.91564885,14,
288,288,Southern,Puducherry,Auroville,Auroville,Township,1968,2,4.1,0,Yes,,Cultural,Yes,0.035,All,French colonial heritage town with beaches and spiritual retreats.,79.8099471,12.0073927,2,
289,289,Southern,Puducherry,Puducherry,Paradise Beach,Beach,Unknown,1,4.5,200,Yes,,Recreational,Yes,0.015,Morning,French colonial heritage town with beaches and spiritual retreats.,79.8069488,10.91564885,14,
290,290,Southern,Andaman and Nicobar Islands,Port Blair,Cellular Jail,Landmark,1906,1.5,4.7,30,Yes,Monday,Historical,Yes,0.12,Afternoon,Tropical paradise known for beaches and marine life.,92.7390448,11.6645348,2,
291,291,Southern,Andaman and Nicobar Islands,Havelock Island,Radhanagar Beach,Beach,Unknown,1,4.8,0,No,,Nature,Yes,0.09,Morning,Tropical paradise known for beaches and marine life.,92.99562115,11.9651954,2,
292,292,Southern,Andaman and Nicobar Islands,Neil Island,Bharatpur Beach,Beach,Unknown,1,4.5,0,No,,Nature,Yes,0.04,Morning,Tropical paradise known for beaches and marine life.,93.04193024,11.83137395,2,
293,293,Southern,Andaman and Nicobar Islands,Baratang Island,Limestone Caves,Natural Feature,Unknown,1.5,4.4,250,No,,Nature,Yes,0.015,Morning,Tropical paradise known for beaches and marine life.,92.81103514,12.1883182,2,
294,294,Western,Daman and Diu,Diu,Naida Caves,Cave,Unknown,1,4.5,0,No,,Nature,Yes,0.6,Afternoon,Known for beaches and colonial history.,70.93238341,20.71817495,7,
295,295,Western,Daman and Diu,Diu,Diu Fort,Fort,1535,1.5,4.6,0,No,,Historical,Yes,1.2,Afternoon,Known for beaches and colonial history.,70.93238341,20.71817495,7,
296,296,Eastern,Jharkhand,Deoghar,Baba Baidyanath Temple,Temple,Unknown,1,4.7,0,Yes,,Religious,Yes,1.8,All,"Rich in minerals, forests, and wildlife sanctuaries.",86.60673245,24.4766423,11,
297,297,Eastern,Jharkhand,Ranchi,Pahari Mandir,Temple,Unknown,1,4.6,0,Yes,,Religious,Yes,0.13,All,"Rich in minerals, forests, and wildlife sanctuaries.",85.3250387,23.3700501,4,
298,298,Eastern,Bihar,Bodh Gaya,Mahabodhi Temple,Temple,-260,1.5,4.7,0,Yes,,Religious,Yes,0.2,All,Rich in ancient history with landmarks like Bodh Gaya and Nalanda.,84.9937642,24.6962612,11,
299,299,Eastern,Bihar,Patna,Sanjay Gandhi Biological Park,Zoo,Unknown,2.5,4.3,30,Yes,,Wildlife,Yes,0.5,All,Rich in ancient history with landmarks like Bodh Gaya and Nalanda.,85.1235252,25.6093239,16,
300,300,Eastern,Bihar,Patna,Takhat Shri Harimandir Ji Patna Sahib,Gurudwara,Unknown,1,4.7,0,Yes,,Religious,Yes,0.25,All,Rich in ancient history with landmarks like Bodh Gaya and Nalanda.,85.1235252,25.6093239,16,
301,301,Eastern,Bihar,Patna,Budhha Smriti Park,Park,Unknown,1,4.4,10,Yes,,Cultural,Yes,0.31,All,Rich in ancient history with landmarks like Bodh Gaya and Nalanda.,85.1235252,25.6093239,16,
302,302,Northern,Haryana,Gurugram,Kingdom of Dreams,Entertainment,2010,3,4.4,1100,Yes,Monday,Entertainment,Yes,0.3,Afternoon,Known for its rich agricultural land and historic sites.,77.0299194,28.4646148,3,
303,303,Northern,Haryana,Gurugram,Ambience Mall,Mall,Unknown,2,4.6,0,Yes,,Shopping,Yes,1.2,Afternoon,Known for its rich agricultural land and historic sites.,77.0299194,28.4646148,3,
304,304,Northern,Haryana,Gurugram,DLF CyberHub,Commercial Complex,Unknown,2,4.7,0,Yes,,Entertainment,Yes,0.71,Afternoon,Known for its rich agricultural land and historic sites.,77.0299194,28.4646148,3,
305,305,Northern,Delhi,New Delhi,Gurudwara Bangla Sahib,Gurudwara,Unknown,1,4.8,0,Yes,,Religious,Yes,1.05,All,The capital city with a mix of ancient and modern attractions.,77.2217499,28.6419258,3,
306,306,Northern,Uttarakhand,Kedarnath,Kedarnath,Temple,Unknown,1.5,4.8,0,No,,Religious,No,2,All,The Land of Gods with its Himalayan beauty and pilgrimage sites.,79.0673204,30.7345609,9,
307,307,Central,Uttar Pradesh,Noida,DLF Mall of India,Mall,2016,2,4.6,0,Yes,,Shopping,Yes,1.5,All,Home to the Taj Mahal and sacred cities like Varanasi.,77.3272147,28.5706333,3,
308,308,Central,Uttar Pradesh,Greater Noida,The Grand Venice Mall,Mall,Unknown,2,4.2,0,Yes,,Shopping,Yes,0.45,All,Home to the Taj Mahal and sacred cities like Varanasi.,77.5137649,28.4670734,3,
309,309,Southern,Karnataka,Bengaluru,Wonderla Amusement Park,Amusement Park,2005,4,4.5,890,Yes,,Entertainment,Yes,0.95,All,"Known for its IT hub Bengaluru, heritage sites, and coffee plantations.",77.590082,12.9767936,18,
310,310,Eastern,Odisha,Bhubaneswar,Nandankanan Zoological Park,Zoo,1960,3,4.4,50,Yes,Monday,Wildlife,Yes,0.81,Afternoon,"Known for its temples, especially the Sun Temple at Konark.",85.8394521,20.2602964,7,
311,311,Southern,Karnataka,Bengaluru,Orion Mall,Mall,2012,2,4.5,0,Yes,,Shopping,Yes,1.8,All,"Known for its IT hub Bengaluru, heritage sites, and coffee plantations.",77.590082,12.9767936,18,
312,312,Southern,Telangana,Hyderabad,Inorbit Mall Cyberabad,Mall,2004,2,4.5,0,Yes,,Shopping,Yes,1.2,All,Home to historic Hyderabad and the Charminar.,78.4740613,17.360589,0,
313,313,Northern,Delhi,New Delhi,Jama Masjid,Mosque,1656,1,4.5,0,Yes,,Historical,Yes,0.49,All,The capital city with a mix of ancient and modern attractions.,77.2217499,28.6419258,3,
314,314,Southern,Tamil Nadu,Rameswaram,Ramanathaswamy Temple,Temple,Unknown,1.5,4.7,0,Yes,,Religious,No,0.1,All,Famous for its Dravidian temples and cultural heritage.,79.3125553,9.2844657,13,
315,315,Central,Uttar Pradesh,Greater Noida,Buddh International Circuit,Race Track,2011,2,4.6,1500,Yes,Sunday,Sports,Yes,7.4,All,Home to the Taj Mahal and sacred cities like Varanasi.,77.5137649,28.4670734,3,
316,316,Central,Uttar Pradesh,Lucknow,Phoenix Palassio,Mall,2020,2,4.6,0,Yes,,Shopping,Yes,0.35,All,Home to the Taj Mahal and sacred cities like Varanasi.,80.9346001,26.8381,1,
317,317,Southern,Kerala,Kochi,LuLu International Shopping Mall,Mall,2013,3,4.6,0,Yes,,Shopping,Yes,1.9,All,"Famous for its backwaters, beaches, and Ayurvedic treatments.",76.2454436,9.9674277,5,
318,318,Northern,Delhi,New Delhi,Rail Museum,Museum,1977,2,4.4,50,Yes,Monday,Cultural,Yes,0.24,Morning,The capital city with a mix of ancient and modern attractions.,77.2217499,28.6419258,3,
319,319,North Eastern,Meghalaya,Cherrapunji,Living Root Bridge,Natural Feature,Unknown,2,4.6,0,No,,Nature,Yes,0.06,Morning,"Known for its hills, caves, and high rainfall.",91.7292416,25.2777336,16,
320,320,Western,Gujarat,Gandhinagar,Akshardham,Temple,1992,3,4.6,0,Yes,Monday,Religious,No,0.18,All,"Home to the Gir National Park, temples, and the Rann of Kutch.",72.6492267,23.2232877,4,
321,321,Central,Uttar Pradesh,Agra,Agra Fort,Fort,1565,2,4.5,40,Yes,,Historical,Yes,1.3,Afternoon,Home to the Taj Mahal and sacred cities like Varanasi.,78.0098161,27.1752554,1,
322,322,Central,Madhya Pradesh,Bhopal,Madhya Pradesh Tribal Museum,Museum,2013,2,4.7,10,Yes,Monday,Cultural,Yes,0.15,All,"Heart of India with temples, forts, and wildlife parks.",77.401989,23.2584857,4,
323,323,Northern,Rajasthan,Jaipur,City Palace,Palace,1727,2,4.4,200,Yes,,Historical,Yes,0.51,Morning,"Desert state famous for its palaces, forts, and rich culture.",75.8189817,26.9154576,1,
324,324,Northern,Rajasthan,Jaipur,Albert Hall Museum,Museum,1887,2,4.5,200,Yes,,Historical,Yes,0.63,All,"Desert state famous for its palaces, forts, and rich culture.",75.8189817,26.9154576,1,
